"Transaction Hash","Blockno","UnixTimestamp","DateTime (UTC)","From","To","ContractAddress","Value_IN(ETH)","Value_OUT(ETH)","CurrentValue @ $1812.06553467587/Eth","TxnFee(ETH)","TxnFee(USD)","Historical $Price/Eth","Status","ErrCode","Method"
"0x7b4b1774b2cc7e5c56ca58069b5b34fc389eb3886b52f97ac28232f3be712b5f","22180966","1743593711","2025-04-02 11:35:11","0x07bd812cf9c70538d78cd4faabbb5c1d8688d173","0x55897893c19e4b0c52731a3b7c689ec417005ad6","","0","0","0","0.000190969210801834","0.346048725078254","1794.63","","","Exec Transaction"
"0x242e38ac7f12096abd9dc6c5b51bc111e295ba4f34df5bb62d6c6276223f71f4","22216143","1744018259","2025-04-07 09:30:59","0x07bd812cf9c70538d78cd4faabbb5c1d8688d173","0x55897893c19e4b0c52731a3b7c689ec417005ad6","","0","0","0","0.000617353571189294","1.11868512906119","1552.42","","","Exec Transaction"
"0xab15ae1e605bf2adc31c45db33bc991828150b304d82651bb23c1e693f11f4f1","22238280","1744285115","2025-04-10 11:38:35","0x07bd812cf9c70538d78cd4faabbb5c1d8688d173","0x55897893c19e4b0c52731a3b7c689ec417005ad6","","0","0","0","0.00003434895949767","0.0622425656577052","1521.51","","","Exec Transaction"
"0x78f40ee2751f55643668143ddf665eb427976898317c3348fd0e6b75f910c1d7","22238677","1744289879","2025-04-10 12:57:59","0x05466fc96ba8dbb4b0f3f360adfdd7c14e828a5f","0x55897893c19e4b0c52731a3b7c689ec417005ad6","","0","0","0","0.000627012810298902","1.1361883033429","1521.51","","","Exec Transaction"
"0x3cd6ef4d93ba52fcb0bc490c777446d31996d7022da28247f2b57d42673eec8b","22290587","1744915463","2025-04-17 18:44:23","0x05466fc96ba8dbb4b0f3f360adfdd7c14e828a5f","0x55897893c19e4b0c52731a3b7c689ec417005ad6","","0","0","0","0.000096185991838464","0.174295320729095","1583.68","","","Exec Transaction"
"0x0d35c70c9c2885fe6bedec8ea48c42ef7cd1944808de39c48f3a23d7737255a5","22290594","1744915547","2025-04-17 18:45:47","0x30ce91eb74e56d0df97c78774b3aca2144f6ad32","0x55897893c19e4b0c52731a3b7c689ec417005ad6","","0","0","0","0.00015346811129724","0.278094275153529","1583.68","","","Exec Transaction"
"0x4127fc7f4b4b26aa2aa34c7fc16c13916ab0a15799339c37d4bd62684f818935","22290610","1744915739","2025-04-17 18:48:59","0x30ce91eb74e56d0df97c78774b3aca2144f6ad32","0x55897893c19e4b0c52731a3b7c689ec417005ad6","","0","0","0","0.000154726985743176","0.280375438149494","1583.68","","","Exec Transaction"
"0xd2f2c96b10dd6cfcdd6fb08ef063536243717878d07d43f0d5a06c76acc1b020","22339599","1745506571","2025-04-24 14:56:11","0x85029fb6393416c54ea8fb04f2bf2bbe3ca16e23","0x55897893c19e4b0c52731a3b7c689ec417005ad6","","0","0","0","0.002250580061781136","4.07819856298229","1770.44","","","Exec Transaction"
"0x498eccd229cc8937e6fe409b3146327c9c787786e42622d6f54fb316deaf6095","22339903","1745510255","2025-04-24 15:57:35","0x05466fc96ba8dbb4b0f3f360adfdd7c14e828a5f","0x55897893c19e4b0c52731a3b7c689ec417005ad6","","0","0","0","0.001046511536459688","1.89634748685929","1770.44","","","Exec Transaction"
"0xec5dbb8dcf320cd23ec8c921e8f970b40fbb25f3ad0bdc7154e24620cfd36c83","22339931","1745510591","2025-04-24 16:03:11","0x05466fc96ba8dbb4b0f3f360adfdd7c14e828a5f","0x55897893c19e4b0c52731a3b7c689ec417005ad6","","0","0","0","0.000664212794110008","1.20359711189751","1770.44","","","Exec Transaction"
